key,en,pt_br,jp
PLACEHOLDER,Placeholder,Temporário,プレースホルダー
LANGUAGE_NAME,English,Português Brasileiro,日本語
CONTEXT_ACTION_ATTACK,Attack,Atacar,攻める
CONTEXT_ACTION_BOOST,Boost,Impulsionar,ブーストする
CONTEXT_ACTION_BUILD,Build,Construir,建築
CONTEXT_ACTION_CAST_FISHING,Cast,Lançar,釣り糸を投げる
CONTEXT_ACTION_CAST_SPELL,Cast,Lançar,詠唱する
CONTEXT_ACTION_CLAIM,Claim,Reivindicar,入手する
CONTEXT_ACTION_CLIMB,Climb,Escalar,登る
CONTEXT_ACTION_CLOSE,Close,Fechar,閉じる
CONTEXT_ACTION_COLLECT,Collect,Coletar,集める
CONTEXT_ACTION_COOK,Cook,Cozinhar,調理
CONTEXT_ACTION_CRAFT,Craft,Fabricar,作成
CONTEXT_ACTION_CROUCH,Crouch,Agachar,しゃがむ
CONTEXT_ACTION_DODGE,Dodge,Desviar,避ける
CONTEXT_ACTION_DRIVE,Drive,Dirigir,運転する
CONTEXT_ACTION_FLY,Fly,Voar,飛ぶ
CONTEXT_ACTION_FULL_SPEED,Full Speed,Velocidade máxima,全速力
CONTEXT_ACTION_GO,Go,Ir,移動する
CONTEXT_ACTION_GO_TO_PLACE,Go to,Vá para,へ移動する
CONTEXT_ACTION_HALF_SPEED,Half Speed,Metade da velocidade,半速力
CONTEXT_ACTION_HEAL,Heal,Curar,回復する
CONTEXT_ACTION_INTERACT,Interact,Interagir,対話する
CONTEXT_ACTION_JUMP,Jump,Pular,ジャンプする
CONTEXT_ACTION_LAND,Landing,Aterrissar,着陸する
CONTEXT_ACTION_LOOK,Look,Olhar,見る
CONTEXT_ACTION_MANAGE,Manage,Gerenciar,操る
CONTEXT_ACTION_MIX,Mix,Misturar,調合
CONTEXT_ACTION_OPEN,Open,Abrir,開く
CONTEXT_ACTION_PICK_UP,Pick up,Pegar,拾う
CONTEXT_ACTION_RACE,Race,Correr,競争する
CONTEXT_ACTION_READ,Read,Ler,読む
CONTEXT_ACTION_REPLACE,Replace,Trocar,入れ替え
CONTEXT_ACTION_RUN,Run,Correr,走る
CONTEXT_ACTION_RUN_AWAY,Run away,Fugir,逃げる
CONTEXT_ACTION_SHOOT,Shoot,Atirar,撃つ
CONTEXT_ACTION_SNEAK,Sneak,Infiltrar,忍ぶ
CONTEXT_ACTION_SPIN,Spin,Girar,回転させる
CONTEXT_ACTION_SPRINT,Sprint,Arrancada,走る
CONTEXT_ACTION_STEER,Steer,Conduzir,操舵する
CONTEXT_ACTION_TAKE_OFF,Takeoff,Decolar,離陸する
CONTEXT_ACTION_TALK,Talk,Falar,話す
CONTEXT_ACTION_THROW,Throw,Arremessar,投げる
CONTEXT_ACTION_WALK,Walk,Andar,歩く
CONTEXT_CARD_ATTACK,Attack,Ataque,攻撃
CONTEXT_CARD_COST,Cost,Custo,コスト
CONTEXT_CARD_DAMAGE,Damage,Dano,ダメージ
CONTEXT_CARD_DECK,Deck,Baralho,デッキ
CONTEXT_CARD_DEFENSE,Defense,Defesa,防御
CONTEXT_CARD_DESCRIPTION,Card Description,Descrição da Carta,カードの説明
CONTEXT_CARD_DISCARD,Discard,Descartar,捨てる
CONTEXT_CARD_DRAW,Draw,Comprar,ドロー
CONTEXT_CARD_EFFECT,Effect,Efeito,効果
CONTEXT_CARD_HAND,Hand,Mão,手札
CONTEXT_CARD_HEAL,Heal,Cura,回復
CONTEXT_CARD_OPPONENT,Opponent,Oponente,相手
CONTEXT_CARD_PLAYER,Player,Jogador,プレイヤー
CONTEXT_CARD_SHUFFLE,Shuffle,Embaralhar,シャッフル
CONTEXT_CARD_SPECIAL,Special,Especial,特殊
CONTEXT_CARD_TITLE,Card Title,Nome da Carta,カードのタイトル
CONTEXT_CHARACTER,Character,Personagem,キャラクター
CONTEXT_CHARACTER_CLASS,Class,Classe,クラス
CONTEXT_CHARACTER_DELETE,Delete Character,Deletar Personagem,キャラクター削除
CONTEXT_CHARACTER_ENDURANCE,Endurance,Resistência,生命力
CONTEXT_CHARACTER_EXP,Experience points,Pontos de experiência,経験値
CONTEXT_CHARACTER_EXP_SHORT,EXP,EXP,経験値
CONTEXT_CHARACTER_FEMALE,Female,Feminino,女
CONTEXT_CHARACTER_HEALTH,Health,Vida,ヘルス
CONTEXT_CHARACTER_HEART,Heart,Coração,ハート
CONTEXT_CHARACTER_HEART_PLURAL,Hearts,Corações,ハート
CONTEXT_CHARACTER_LEVEL,Level,Nível,レベル
CONTEXT_CHARACTER_LEVEL_UP,Level up!,Subiu de nível!,レベルアップ！
CONTEXT_CHARACTER_LIVES,Lives,Vidas,ライフ
CONTEXT_CHARACTER_MALE,Male,Masculino,男
CONTEXT_CHARACTER_MAN,Man,Homem,男
CONTEXT_CHARACTER_MAN_PLURAL,Men,Homens,男
CONTEXT_CHARACTER_NEW,New Character,Novo Personagem,新規キャラクター
CONTEXT_CHARACTER_RESPAWN,Respawn,Renascer,復活
CONTEXT_CHARACTER_RESPAWN_IN,Respawn in:,Renascimento em:,復活まで：
CONTEXT_CHARACTER_RESPAWN_QUESTION,Respawn?,Renascer,復活しますか？
CONTEXT_CHARACTER_RESPAWNING,Respawning,Renascendo,復活中
CONTEXT_CHARACTER_SKILL,Skill,Habilidade,スキル
CONTEXT_CHARACTER_SPAWN_POINT,Spawn Point,Ponto de Renascimento,復活ポイント
CONTEXT_CHARACTER_STAMINA,Stamina,Energia,スタミナ
CONTEXT_CHARACTER_TRANSGENDER,Transgender,Transgênero,トランスジェンダー
CONTEXT_CHARACTER_UPGRADE,Upgrade,Melhoria,アップグレード
CONTEXT_CHARACTER_WOMAN,Woman,Mulher,女
CONTEXT_CHARACTER_WOMAN_PLURAL,Women,Mulheres,女
CONTEXT_CLASS_AI,Artificial Intelligence,Inteligência Artificial,人工知能
CONTEXT_CLASS_ALIEN,Alien,Extraterrestre,エイリアン
CONTEXT_CLASS_CLONE,Clone,Clone,クローン
CONTEXT_CLASS_CYBORG,Cyborg,Ciborgue,サイボーグ
CONTEXT_CLASS_DEITY,Deity,Divindade,神
CONTEXT_CLASS_DRAGON,Dragon,Dragão,ドラゴン
CONTEXT_CLASS_DRAGON_PLURAL,Dragons,Dragões,ドラゴン
CONTEXT_CLASS_GHOST,Ghost,Fantasma,幽霊
CONTEXT_CLASS_GOD,God,Deus,神
CONTEXT_CLASS_GOD_PLURAL,Gods,Deuses,神々
CONTEXT_CLASS_GODDESS,Goddess,Deusa,女神
CONTEXT_CLASS_MAGE,Mage,Mago,魔法使い
CONTEXT_CLASS_MEDIC,Medic,Médico,メディック
CONTEXT_CLASS_MONSTER,Monster,Monstro,モンスター
CONTEXT_CLASS_NINJA,Ninja,Ninja,忍者
CONTEXT_CLASS_PIRATE,Pirate,Pirata,海賊
CONTEXT_CLASS_PRIEST,Priest,Padre,僧侶
CONTEXT_CLASS_PRINCE,Prince,Príncipe,王子
CONTEXT_CLASS_PRINCESS,Princess,Princesa,姫
CONTEXT_CLASS_ROBOT,Robot,Robô,ロボット
CONTEXT_CLASS_SKELETON,Skeleton,Esqueleto,スケルトン
CONTEXT_CLASS_SNIPER,Sniper,Franco-atirador,狙撃手
CONTEXT_CLASS_SOLDIER,Soldier,Soldado,ソルジャー
CONTEXT_CLASS_THIEF,Thief,Ladrão,盗賊
CONTEXT_CLASS_WARRIOR,Warrior,Guerreiro,戦士
CONTEXT_CLASS_WIZARD,Wizard,Feiticeiro,魔術師
CONTEXT_CLASS_ZOMBIE,Zombie,Zumbi,ゾンビ
CONTEXT_CLASS_ZOMBIE_PLURAL,Zombies,Zumbis,ゾンビ
CONTEXT_COMPETITION_FIRST,First place,Primeiro Lugar,一位
CONTEXT_COMPETITION_PLACE_NOUN,Place,Lugar,順位
CONTEXT_COMPETITION_SECOND,Second place,Segundo Lugar,二位
CONTEXT_COMPETITION_THIRD,Third place,Terceiro Lugar,三位
CONTEXT_CONDITION_BURNING,Burning,Queimando,炎上
CONTEXT_CONDITION_CRITICAL,Critical,Estado grave,瀕死
CONTEXT_CONDITION_DEAD,Dead,Morto,死亡
CONTEXT_CONDITION_FROZEN,Frozen,Congelado,凍結
CONTEXT_CONDITION_POISONED,Poisoned,Envenenado,毒
CONTEXT_CONDITION_SLOWED,Slowed,Lento,減速
CONTEXT_CONDITION_STUNNED,Stunned,Atordoado,スタン
CONTEXT_CONDITION_UNCONSCIOUS,Unconscious,Desmaiado,気絶
CONTEXT_CONDITION_UNHURT,Unhurt,Ileso,無傷
CONTEXT_CONDITION_WET,Wet,Molhado,濡れている
CONTEXT_CONDITION_WOUNDED,Wounded,Ferido,負傷
CONTEXT_CONTEXT_COINS_EARNED,Coins Earned,Moedas Ganhas,プレースホルダーゲーム
CONTEXT_CONTEXT_COINS_SPENT,Coins Spent,Moedas Gastas,プレースホルダーゲーム
CONTEXT_CONTEXT_DAMAGE_TAKEN,Damage Taken,Dano Recebido,プレースホルダーゲーム
CONTEXT_CONTEXT_ENEMIES_KILLED,Enemies Killed,Inimigos Mortos,プレースホルダーゲーム
CONTEXT_CONTEXT_ENEMIES_LEFT,Enemies Left,Inimigos Restantes,残った敵
CONTEXT_CONTEXT_SHOTS_FIRED,Shots Fired,Tiros Disparados,プレースホルダーゲーム
CONTEXT_CONTEXT_SPAWN_COMMAND,"To spawn, chat","Para jogar, digite",をチャットください！
CONTEXT_CONTEXT_SPAWNED_ENEMY,Spawned an enemy for,Spawnamos um inimigo para,のために敵をスポーンしました
CONTEXT_CONTEXT_TOTAL_TIME,Total Time,Tempo Total,合計時間
CONTEXT_CONTEXT_TURRET_CHOOSE,Choose your new turret,Escolha a sua nova torre,新しいタワーを選ぶ
CONTEXT_CONTEXT_TURRET_UPGRADES,Turret Upgrades,Melhorias de Torre,タワー
CONTEXT_CONTEXT_TURRETS_BUILT,Turrets Build,Torres Construídas,プレースホルダーゲーム
CONTEXT_CONTEXT_WAVE,Wave,Onda,ウエーブ
CONTEXT_DAMAGE,Damage,Dano,ダメージ
CONTEXT_DAMAGE_CRITICAL_HIT,Critical Hit,Dano crítico,クリティカルヒット
CONTEXT_DAMAGE_CRITICAL_MISS,Critical Miss,Errou crítico,クリティカルミス
CONTEXT_DAMAGE_HIT_NOUN,Hit,Acerto,ヒット
CONTEXT_DAMAGE_HIT_POINTS_PLURAL,Hit points,Pontos de vida,ヒットポイント
CONTEXT_DAMAGE_MISS_NOUN,Miss,Errou,ミス
CONTEXT_DAMAGE_UNIT,Damage,Dano,ダメージ
CONTEXT_DAMAGE_UNIT_PLURAL,Damage,Danos,ダメージ
CONTEXT_DESCRIPTION_BIG,Big,Grande,大
CONTEXT_DESCRIPTION_HUGE,Huge,Enorme,巨大
CONTEXT_DESCRIPTION_SMALL,Small,Pequeno,小
CONTEXT_DESCRIPTION_TINY,Tiny,Muito pequeno,極小
CONTEXT_ELEMENT_AIR,Air,Ar,風
CONTEXT_ELEMENT_EARTH,Earth,Terra,地
CONTEXT_ELEMENT_FIRE,Fire,Fogo,火
CONTEXT_ELEMENT_METAL,Metal,Metal,金
CONTEXT_ELEMENT_WATER,Water,Água,水
CONTEXT_ENEMY,Enemy,Inimigo,敵
CONTEXT_ENEMY_FEMALE,Enemy,Inimiga,敵
CONTEXT_ENEMY_FEMALE_PLURAL,Enemies,Inimigas,敵
CONTEXT_ENEMY_PLURAL,Enemies,Inimigos,敵
CONTEXT_FINAL_DAY,The deadline has expired!,O prazo acabou!,すまん
CONTEXT_GAMBLING_BET,Bet,Apostar,ベット
CONTEXT_GAMBLING_DISCARD,Discard,Descartar,捨てる
CONTEXT_GAMBLING_JACKPOT,Jackpot,Bolada,ジャックポット
CONTEXT_GAMBLING_MAX,Max,Máx.,最大
CONTEXT_GAMBLING_MIN,Min,Mín.,最低
CONTEXT_GENRE_ACTION,Action game,Jogo de ação,アクションゲーム
CONTEXT_GENRE_ADVENTURE,Adventure game,Jogo de aventura,アドベンチャーゲーム
CONTEXT_GENRE_CARD,Card,Cartas,カード
CONTEXT_GENRE_CASUAL,Casual game,Jogo casual,カジュアルゲーム
CONTEXT_GENRE_FANTASY,Fantasy game,Jogo de fantasia,ファンタジーゲーム
CONTEXT_GENRE_HARDCORE,Hardcore game,Jogo hardcore,ハードコアゲーム
CONTEXT_GENRE_INDIE,Indie,Indie,独立系開発会社
CONTEXT_GENRE_MEDIEVAL,Medieval game,Jogo medieval,中世風ゲーム
CONTEXT_GENRE_MISC,Misc.,Diversos,その他
CONTEXT_GENRE_MULTIPLAYER,Multiplayer,Multi jogadores,マルチプレイヤー
CONTEXT_GENRE_NAME,Genre,Gênero,ジャンル
CONTEXT_GENRE_PLATFORMER,Platformer game,Jogo de plataforma,プラットフォームゲーム
CONTEXT_GENRE_PUZZLE,Puzzle game,Quebra-cabeça,パズルゲーム
CONTEXT_GENRE_QUIZ,Quiz game,Jogo de perguntas e respostas,クイズゲーム
CONTEXT_GENRE_RACING,Racing,Corrida,レース
CONTEXT_GENRE_RETRO,Retro game,Jogo retrô,レトロゲーム
CONTEXT_GENRE_RPG,Roleplaying game,Jogo de RPG,ロールプレイングゲーム
CONTEXT_GENRE_RTS,Real-time strategy,Estratégia em tempo real,リアルタイムシミュレーション
CONTEXT_GENRE_SCIFI,Science fiction game,Jogo de ficção científica,SFゲーム
CONTEXT_GENRE_SHOOTER,Shooter game,Jogo de tiro,シューティングゲーム
CONTEXT_GENRE_SIMULATION,Simulation game,Jogo de simulação,シミュレーションゲーム
CONTEXT_GENRE_SINGLEPLAYER,Singleplayer,Um jogador,シングルプレイヤー
CONTEXT_GENRE_SPORTS,Sports game,Jogo de esportes,スポーツゲーム
CONTEXT_GENRE_STRATEGY,Strategy game,Jogo de estratégia,ストラテジーゲーム
CONTEXT_GENRE_TBS,Turn-based strategy,Estratégia baseada em turnos,ターン制シミュレーション
CONTEXT_GENRE_TOWER_DEFENSE,Tower defence game,Jogo de torres de defesa,タワーディフェンスゲーム
CONTEXT_HINT_NPC,"If the price is too high, not everybody will be able to afford it.","Se o preço for muito alto, vai ser mais difícil de vender.",価格が高すぎると、誰もがそれを買う余裕があるわけではありません。
CONTEXT_HINT_SLEEP,"If it is night time, go to sleep in the store's second floor.","Se for noite, durma no segunda andar da loja para passar o dia.",夜間の場合は、2階で寝てください。
CONTEXT_HINT_STORE,"To open the store, go to the counter.","Para abrir a loja, vá ao balcão.",店を開くには、カウンターに行きます。
CONTEXT_INVENTORY,Inventory,Inventário,インベントリ
CONTEXT_INVENTORY_AMMO,Ammo,Munição,弾薬
CONTEXT_INVENTORY_AMMUNITION,Ammunition,Munição,弾薬
CONTEXT_INVENTORY_BULLET,Bullet,Bala,弾
CONTEXT_INVENTORY_BULLET_PLURAL,Bullets,Balas,弾
CONTEXT_INVENTORY_BUY,Buy,Comprar,買う
CONTEXT_INVENTORY_CAPACITY,Inventory Capacity,Capacidade do Inventário,インベントリ容量
CONTEXT_INVENTORY_DROP,Drop,Largar,捨てる
CONTEXT_INVENTORY_ENCUMBRANCE,Encumbrance,Peso,持ち運べる量
CONTEXT_INVENTORY_FULL,Inventory Full,Inventário Cheio,インベントリがいっぱいです
CONTEXT_INVENTORY_ITEM,Item,Item,アイテム
CONTEXT_INVENTORY_ITEM_PLURAL,Items,Items,アイテム
CONTEXT_INVENTORY_KEY,Key,Chave,鍵
CONTEXT_INVENTORY_POWERUP,Power-up,Powerup,パワーアップ
CONTEXT_INVENTORY_SELL,Sell,Vender,売る
CONTEXT_INVENTORY_USE,Use,Usar,使用する
CONTEXT_INVENTORY_WEAPON,Weapon,Arma,武器
CONTEXT_INVENTORY_WEAPONS,Weapons,Armas,武器
CONTEXT_INVENTORY_YOU_CANNOT_CARRY,You cannot carry any more.,Você não pode carregar mais nada.,これ以上持てません。
CONTEXT_ITEM_ANCHOR,Anchor,Âncora,錨
CONTEXT_ITEM_ARMOR,Armor,Armadura,鎧
CONTEXT_ITEM_ARROW,Arrow,Flecha,矢
CONTEXT_ITEM_ARROW_PLURAL,Arrows,Flechas,矢
CONTEXT_ITEM_BOARD,Board,Tabuleiro,盤
CONTEXT_ITEM_BOMB,Bomb,Bomba,爆弾
CONTEXT_ITEM_BOOK,Book,Livro,本
CONTEXT_ITEM_BOOTS,Boots,Botas,靴
CONTEXT_ITEM_BOW,Bow,Arco,弓
CONTEXT_ITEM_CARD,Card,Carta,カード
CONTEXT_ITEM_CARD_PLURAL,Cards,Cartas,カード
CONTEXT_ITEM_CHEST,Chest,Baú,箱
CONTEXT_ITEM_COND_MAGICAL,Magic,Mágico,魔法の
CONTEXT_ITEM_COND_RUSTY,Rusty,Enferrujado,錆びた
CONTEXT_ITEM_DAGGER,Dagger,Adaga,短刀
CONTEXT_ITEM_DESCRIPTION_ANCHOR,Used rusty anchor,Âncora enferrujada usada.,錆び錆び中古錨
CONTEXT_ITEM_DESCRIPTION_BOMB,A bomb with a rope wick.,Uma bomba com pavio de corda.,ロープ芯のある爆弾
CONTEXT_ITEM_DESCRIPTION_BOOK,The pirate's bible.,A biblía do pirata.,海賊の聖書
CONTEXT_ITEM_DESCRIPTION_FLAG,A flag with a skull drawn to it.,Uma bandeira com um desenho de caveira.,頭蓋骨が描かれた旗
CONTEXT_ITEM_DESCRIPTION_GEM,A beautiful gem.,Uma linda joia.,綺麗宝石
CONTEXT_ITEM_DESCRIPTION_GRAIL,Doesn't look like the real thing.,"Não parace ser autêntico,",本物のようには見えません。
CONTEXT_ITEM_DESCRIPTION_HELM,A ship's helm. Wonder where it came from.,Um leme. Espero não ser do meu navio.,船の舵。 それはどこから来たのだろうか。
CONTEXT_ITEM_DESCRIPTION_KEY,A golden key.,Uma chave dourada.,黄金の鍵
CONTEXT_ITEM_DESCRIPTION_MAP,A treasure map... Hopefully.,"Com sorte, um mapa do tesouro",宝の地図... うまくいけば。
CONTEXT_ITEM_DESCRIPTION_NECKLACE,A necklace with a jewel in the center.,Um colar com uma joia.,宝石で首飾り
CONTEXT_ITEM_DESCRIPTION_PLUSHIE,A strange looking parrot plush toy.,Um papagaio de pelúcia com uma cara estranha.,奇妙なオウムのぬいぐるみ
CONTEXT_ITEM_DESCRIPTION_RUM,A bottle of rum.,Uma garrafa de rum.,ラム酒の瓶
CONTEXT_ITEM_DESCRIPTION_SPYGLASS,Probably a captain's spyglass.,Provavelmente a luneta de um capitão.,おそらく船長のスパイグラス
CONTEXT_ITEM_DESCRIPTION_SWORD,A battle-scarred sword.,Uma espada com marcas de uso.,戦いで傷ついた剣。
CONTEXT_ITEM_DESCRIPTION_TENTACLE,A weird green and purple tentacle plush.,Uma pelúcia verda e roxa muito estranha.,奇妙な緑と紫の触手ぬいぐるみ。
CONTEXT_ITEM_DIE_NOUN,Die,Dado,サイコロ
CONTEXT_ITEM_DIE_PLURAL,Dice,Dados,サイコロ
CONTEXT_ITEM_DOOR,Door,Porta,扉
CONTEXT_ITEM_EFFECTS_RUM,Recovers health and stamina.,Recupera vida e energia.,健康とスタミナを回復します
CONTEXT_ITEM_FLAG,Flag,Bandeira,旗
CONTEXT_ITEM_GAUNTLETS,Gauntlets,Manopla,籠手
CONTEXT_ITEM_GEM,Gem,Jóia,ジェム
CONTEXT_ITEM_GIFT_NOUN,Gift,Presente,ギフト
CONTEXT_ITEM_GIFT_PLURAL,Gifts,Presentes,ギフト
CONTEXT_ITEM_GLOVE,Gloves,Luvas,手袋
CONTEXT_ITEM_GRAIL,Holy Grail,Santo Graal,聖杯
CONTEXT_ITEM_GUN,Gun,Arma de fogo,銃
CONTEXT_ITEM_HAMMER,Hammer,Martelo,戦鎚
CONTEXT_ITEM_HELM,Helm,Timão,舵
CONTEXT_ITEM_HELMET,Helmet,Elmo,兜
CONTEXT_ITEM_KEY,Key,Chave,鍵
CONTEXT_ITEM_KNIFE,Knife,Faca,ナイフ
CONTEXT_ITEM_LOCK,Lock,Fechadura,鍵
CONTEXT_ITEM_LOVE,Love,Amor,愛
CONTEXT_ITEM_MACHINE_ITEM_GUN,Machine Gun,Metralhadora,マシンガン
CONTEXT_ITEM_MAGIC,Magic,Magia,魔法
CONTEXT_ITEM_NECKLACE,Jewelled Necklace,Colar de joias,首飾り
CONTEXT_ITEM_PISTOL,Pistol,Pistola,ピストル
CONTEXT_ITEM_PLUSHIE,Parrot Plushie,Papagaio de Pelúcia,オウムぬいぐるみ
CONTEXT_ITEM_QUEST_NOUN,Quest,Missão,クエスト
CONTEXT_ITEM_RANK_NOUN,Rank,Patente,ランク
CONTEXT_ITEM_RIFLE,Rifle,Rifle,ライフル
CONTEXT_ITEM_ROCKET_ITEM_LAUNCHER,Rocket Launcher,Lança-Foguetes,ロケットランチャー
CONTEXT_ITEM_RPG,RPG,RPG,RPG
CONTEXT_ITEM_RUM,Rum,Rum,ラム酒
CONTEXT_ITEM_SCROLL,Scroll,Pergaminho,巻物
CONTEXT_ITEM_SHIELD,Shield,Escudo,盾
CONTEXT_ITEM_SHIELD_PLURAL,Shields,Escudos,盾
CONTEXT_ITEM_SHIELD_SCIFI,Energy shield,Escudo de energia,エネルギーシールド
CONTEXT_ITEM_SHIELD_SCIFI_PLURAL,Energy shields,Escudos de energia,エネルギーシールド
CONTEXT_ITEM_SHOTGUN,Shotgun,Espingarda,ショットガン
CONTEXT_ITEM_SNIPER_ITEM_RIFLE,Sniper rifle,Rifle furtivo,スナイパーライフル
CONTEXT_ITEM_SPELL,Spell,Feitiço,呪文
CONTEXT_ITEM_SPYGLASS,Spyglass,Luneta,スパイグラス
CONTEXT_ITEM_STAFF,Staff,Cajado,杖
CONTEXT_ITEM_SWORD,Sword,Espada,剣
CONTEXT_ITEM_TENTACLE,Tentacle Plushie,Tentáculo de Pelúcia,触手ぬいぐるみ
CONTEXT_ITEM_TREASURE,Treasure,Tesouro,財宝
CONTEXT_ITEM_TYPE_EPIC,Epic,Épico,壮麗な
CONTEXT_ITEM_TYPE_JUNK,Junk,Lixo,がらくたの
CONTEXT_ITEM_WAND,Wand,Varinha Mágica,魔法の杖
CONTEXT_ITEM_WOOD,Wood,Madeira,木
CONTEXT_LABEL_BE_CAREFUL,Be careful!,Tenha cuidado!,気をつけて！
CONTEXT_LABEL_CONNECT_TO_TWITCH,Conect to a Twitch Channel,Conectar ao Canal da Twitch,Twitchチャンネルにコネクトする
CONTEXT_LABEL_PLEASE_BE_CAREFUL,Please be careful.,Por favor tenha cuidado.,気をつけてください。
CONTEXT_LABEL_TACTICS,Tactics,Tática,作戦
CONTEXT_MACHINE_ALTITUDE,Altitude,Altitude,高度
CONTEXT_MACHINE_BRAKES,Brakes,Freios,ブレーキ
CONTEXT_MACHINE_CHASSIS,Chassis,Chassi,シャシ
CONTEXT_MACHINE_DEPTH,Depth,Profundidade,深度
CONTEXT_MACHINE_FUEL,Fuel,Combustível,燃料
CONTEXT_MACHINE_GEAR,Gear,Marcha,ギア
CONTEXT_MACHINE_HANDLING,Handling,Manejo,ハンドリング
CONTEXT_MACHINE_SPEED,Speed,Velocidade,速度
CONTEXT_MACHINE_STEERING,Steering,Condução,ステアリング
CONTEXT_MACHINE_SUSPENSION,Suspension,Suspensão,サスペンション
CONTEXT_MACHINE_WHEELS,Wheels,Rodas,乗り物
CONTEXT_MACHINE_WINGS,Wings,Asas,ウィング
CONTEXT_MAIN_OBJECTIVE,Your objective is to get ten thousand coins.,Seu objetivo é pegar dez mil moedas.,すまん
CONTEXT_MAP,Map,Mapa,地図
CONTEXT_MEDAL,Medal,Medalha,メダル
CONTEXT_MEDAL_BRONZE,Bronze medal,Medalha de Bronze,ブロンズメダル
CONTEXT_MEDAL_GOLD,Gold medal,Medalha de Ouro,ゴールドメダル
CONTEXT_MEDAL_SILVER,Silver medal,Medalha de Prata,シルバーメダル
CONTEXT_MESSAGE_KILLED_BY,You were killed by,Você foi morto por,に殺されました。
CONTEXT_MESSAGE_KILLED_TIMES,You died,Você morreu,これまでに
CONTEXT_MESSAGE_KILLED_TIMES_END,time so far.,vezes até agora.,回殺されました。
CONTEXT_METAL_BRONZE,Bronze,Bronze,銅
CONTEXT_METAL_COIN,Coins,Moedas,硬貨
CONTEXT_METAL_COIN_TOTAL, Total coins, Total de moedas, 総計硬貨
CONTEXT_METAL_GOLD,Gold,Ouro,金
CONTEXT_METAL_INGOT,Ingot,Barra,延べ棒
CONTEXT_METAL_PLATINUM,Platinum,Platina,白金
CONTEXT_METAL_SILVER,Silver,Prata,銀
CONTEXT_NETWORK_CHANNEL,Channel,Canal,チャンネル
CONTEXT_NETWORK_CONNECT,Connect,Conectar,コネクト
CONTEXT_OBJECTIVE,Objective,Objetivo,目標
CONTEXT_OBJECTIVE_ASSIST,Assist,Assistência,アシスト
CONTEXT_OBJECTIVE_ASSIST_PLURAL,Assists,Assistências,アシスト
CONTEXT_OBJECTIVE_ATTACK,Attack,Atacar,攻める
CONTEXT_OBJECTIVE_BONUS,Bonus,Bônus,ボーナス
CONTEXT_OBJECTIVE_CAPTURE,Capture,Capturar,確保する
CONTEXT_OBJECTIVE_COMPLETE,Complete,Completo,完了済
CONTEXT_OBJECTIVE_CONTEXT_FINISHED,The End,Fim,終わり
CONTEXT_OBJECTIVE_CONTEXTOVER,Game over!,Fim de jogo!,ゲームオーバー！
CONTEXT_OBJECTIVE_CONTEXTOVER_CAPS,GAME OVER!,FIM DE JOGO!,ゲームオーバー！
CONTEXT_OBJECTIVE_DEATH,Death,Morte,デス
CONTEXT_OBJECTIVE_DEATH_PLURAL,Deaths,Mortes,デス
CONTEXT_OBJECTIVE_DEFEND,Defend,Defender,守る
CONTEXT_OBJECTIVE_DESTROY,Destroy,Destruir,破壊する
CONTEXT_OBJECTIVE_ESCAPE,Escape,Escapar,逃走する
CONTEXT_OBJECTIVE_HIGH_SCORE,High score,Recorde,ハイスコア
CONTEXT_OBJECTIVE_INCOMPLETE,Incomplete,Incompleto,未完了
CONTEXT_OBJECTIVE_KILL,Kill,Matar,キル
CONTEXT_OBJECTIVE_KILL_ASSIST,Kill Assist,Morte Assistida,キルアシスト
CONTEXT_OBJECTIVE_KILL_NOUN,Kill,Morte,キル
CONTEXT_OBJECTIVE_KILL_PLURAL,Kills,Mortes,キル
CONTEXT_OBJECTIVE_LOCKED,Locked,Bloqueado,ロック中
CONTEXT_OBJECTIVE_LOSSES,Losses,Derrotas,敗北
CONTEXT_OBJECTIVE_MATCH,Match,Partida,マッチ
CONTEXT_OBJECTIVE_MISSION,Mission,Missão,ミッション
CONTEXT_OBJECTIVE_MISSION_OBJECTIVE,Mission Objective,Objetivo da missão,ミッション目標
CONTEXT_OBJECTIVE_MISSION_OBJECTIVE_PLURAL,Mission Objectives,Objetivos da missão,ミッション目標
CONTEXT_OBJECTIVE_MULTIPLIER,Multiplier,Multiplicador,倍
CONTEXT_OBJECTIVE_PLURAL,Objectives,Objetivos,目標
CONTEXT_OBJECTIVE_POSITION,Position,Posição,ポジション
CONTEXT_OBJECTIVE_RACE_LAP,Lap,Volta,ラップ
CONTEXT_OBJECTIVE_RACE_LAP_PLURAL,Laps,Voltas,ラップ
CONTEXT_OBJECTIVE_ROUND,Round,Rodada,ラウンド
CONTEXT_OBJECTIVE_SCORE,Score,Pontuação,スコア
CONTEXT_OBJECTIVE_TIME,Time,Tempo,タイム
CONTEXT_OBJECTIVE_TIME_LEFT,Time left,Tempo restante,残り時間
CONTEXT_OBJECTIVE_TOURNAMENT,Tournament,Torneio,トーナメント
CONTEXT_OBJECTIVE_TOURNAMENT_PLURAL,Tournaments,Torneios,トーナメント
CONTEXT_OBJECTIVE_WINS,Wins,Vitórias,勝利
CONTEXT_PLACE_BRAWL_ISLAND,Brawl Island,Ilha da Pancadaria,喧嘩の島
CONTEXT_PLACE_CASTLE,Castle,Castelo,城
CONTEXT_PLACE_CAVE,Cave,Gruta,洞窟
CONTEXT_PLACE_DUNGEON,Dungeon,Masmorra,ダンジョン
CONTEXT_PLACE_INN,Inn,Albergue,宿
CONTEXT_PLACE_LARGE_ISLAND,Large,Grande,大の
CONTEXT_PLACE_MEDIUM_ISLAND,Medium,Mediana,中型の
CONTEXT_PLACE_MERCHANT_ISLAND,Merchant Island,Ilha do Mercador,商人の島
CONTEXT_PLACE_PLANET,Planet,Planeta,惑星
CONTEXT_PLACE_PLANET_EARTH,Earth,Terra,地球
CONTEXT_PLACE_SMALL_ISLAND,Small,Pequena,小の
CONTEXT_PLACE_SPACE,Space,Espaço,宇宙
CONTEXT_PLACE_SPACESHIP,Spaceship,Nave espacial,宇宙船
CONTEXT_PLACE_TREASURE_ISLAND,Treasure Island,Ilha do Tesouro,宝の島
CONTEXT_STATUS_DEFEAT,Defeat,Derrota,敗北
CONTEXT_STATUS_DEFEATED,You have been defeated.,Você foi derrotado.,敗北しました。
CONTEXT_STATUS_LOSER,Loser,Perdedor,敗者
CONTEXT_STATUS_TEAM_LOST,Your team lost!,O seu time perdeu!,チームの敗北！
CONTEXT_STATUS_TEAM_WON,Your team won!,O seu time ganhou!,チームの勝利！
CONTEXT_STATUS_VICTORY,Victory,Vitória,勝利
CONTEXT_STATUS_WINNER,Winner,Vencedor,勝者
CONTEXT_STATUS_YOU_ARE_DEAD,You are dead.,Você está morto.,死にました。
CONTEXT_STATUS_YOU_DIED,You died.,Você morreu.,死にました。
CONTEXT_STATUS_YOU_LOSE,You lose!,Você perdeu!,敗北！
CONTEXT_STATUS_YOU_LOST,You lost!,Você perdeu!,敗北！
CONTEXT_STATUS_YOU_WIN,You win!,Você venceu!,勝利！
CONTEXT_STATUS_YOU_WON,You won!,Você ganhou!,勝利！
CONTEXT_STORY,Story,História,ストーリー
CONTEXT_STORY_ADVENTURE,Adventure,Aventura,アドベンチャー
CONTEXT_STORY_CHAPTER,Chapter,Capítulo,チャプター
CONTEXT_STORY_PAGE,Page,Página,ページ
CONTEXT_TIME_AFTERNOON,Afternoon,Tarde,午後
CONTEXT_TIME_DAY,Day,Dia,日
CONTEXT_TIME_MORNING,Morning,Manhã,朝
CONTEXT_TIME_NIGHT,Night,Noite,夜
CREDITS_2D_ARTIST,2D Artist,Artista 2D,2Dアーティスト
CREDITS_3D_MODELING,3D Modeling,Modelagem 3D,3Dモデリング
CREDITS_ANIMATION,Animation,Animação,アニメーション
CREDITS_ANIMATION_DIRECTOR,Animation Director,Diretor de Animação,アニメーション監督
CREDITS_ANIMATOR,Animator,Animador,アニメーター
CREDITS_ART,Art,Arte,アート
CREDITS_ART_DIRECTOR,Art Director,Diretor de Arte,美術監督
CREDITS_ARTIST,Artist,Artista,アーティスト
CREDITS_ARTIST_PLURAL,Artists,Artistas,アーティスト
CREDITS_ASSISTANT,Assistant,Assistente,アシスタント
CREDITS_ASSOCIATE,Associate,Associado,協力
CREDITS_AUDIO_DIRECTOR,Audio Director,Diretor de Som,音響監督
CREDITS_BUILDINGS_ARTIST,Building Artist,Artista de Contruções,建築アーティスト
CREDITS_CHARACTER_DESIGNER,Character Designer,Designer de Personagens,キャラクターデザイナー
CREDITS_CHIEF_TECH_OFFICER,Chief Technical Officer,Diretor-Chefe de Tecnologia,最高技術責任者
CREDITS_CINEMATIC_ANIMATOR,Cinematic Animator,Animador Cinematográfico,シネマティックアニメーター
CREDITS_CINEMATICS_DIRECTOR,Cinematics Director,Diretor Cinematográfico,シネマティックディレクター
CREDITS_CODE,Code,Código,コード
CREDITS_COLOUR_ARTIST,Colour Palette Artist,Artista da Paleta de Cores,カラーパレットアーティスト
CREDITS_COMPOSER,Composer,Compositor,編曲
CREDITS_CONCEPT_ARTIST,Concept artist,Artista Conceitual,コンセプトアーティスト
CREDITS_CREATIVE_DIRECTOR,Creative Director,Diretor Criativo,クリエイティブディレクター
CREDITS_DATABASE_ADMIN,Database Admin,Administrador de Banco de Dados,データベースアドミン
CREDITS_DESIGN DIRECTOR,Design Director,Diretor de Design,デザイン監督
CREDITS_DEVELOPED_BY,Developed by,Desenvolvido por,開発
CREDITS_DIRECTOR,Director,Diretor,監督
CREDITS_FOLEY_ARTIST,Foley artist,Artista de ruído,フォーリーアーティスト
CREDITS_FONT,Font,Fonte,フォント
CREDITS_FONT_PLURAL,Fonts,Fontes,フォント
CREDITS_GAME,Game,Jogo,ゲーム
CREDITS_GAME_DESIGN,Game design,Design de Jogo,ゲームデザイン
CREDITS_GAME_DESIGNER,Game designer,Designer de Jogo,ゲームデザイナー
CREDITS_GAME_DEVELOPER,Game developer,Desenvolvedor de jogo,ゲーム開発者
CREDITS_GAME_DEVELOPMENT,Game development,Desenvolvimento do jogo,ゲーム開発
CREDITS_GRAPHIC_DESIGNER,Graphic designer,Designer Gráfico,グラフィックデザイナー
CREDITS_GUIDANCE,Guidance,Orientadores,指導
CREDITS_IMAGE,Image,Imagem,画像
CREDITS_IMAGE_PLURAL,Images,Imagens,画像
CREDITS_INTERFACE_ARTIST,Interface Artist,Artista de Interface,インターフェイスアーティスト
CREDITS_ITEM_ARTIST,Items & Objects Artist,Artista de Items & Objetos,アイテム＆オブジェクトアーティスト
CREDITS_JUNIOR,Junior,Júnior,ジュニア
CREDITS_LEAD,Lead,Líder,リード
CREDITS_LEAD_PROGRAMMER,Lead programmer,Programador Líder,リードプログラマー
CREDITS_LEVEL_DESIGN,Level design,Design de Níveis,レベルデザイン
CREDITS_LEVEL_DESIGNER,Level designer,Designer de Níveis,レベルデザイナー
CREDITS_LICENSING,Licensing,Licenciamento,ライセンシング
CREDITS_LOCALIZATION,Localization,Localização,ローカリゼーション
CREDITS_MANUSCRIPT,Manuscript,Manuscrito,脚本
CREDITS_MODELS,Models,Modelos,モデル
CREDITS_MUSICIAN,Musician,Músico,演奏
CREDITS_POLYGLOT,Polyglot Project,Projeto Polyglot,Polyglotプロジェクト
CREDITS_PRODUCER,Producer,Produtor,プロデューサー
CREDITS_PRODUCTION,Production,Produção,製作
CREDITS_PROGRAM_MANAGER,Program Manager,Gerente de Programa,番組担当
CREDITS_PROGRAMMER,Programmer,Programador,プログラマー
CREDITS_PROGRAMMER_PLURAL,Programmers,Programadores,プログラマー
CREDITS_PROGRAMMING,Programming,Programação,プログラミング
CREDITS_PROJECT_MANAGER,Project Manager,Gerente de Projeto,企画担当
CREDITS_PUBLISHED_ON,Published on December 7th 2020 ,Publicado em 7 de Dezembro de 2020,2020年12月7日公開
CREDITS_PUBLISHER,Publisher,Publicadora,著作
CREDITS_RECORDIST,Recordist,Recordista,録音
CREDITS_SCENERY_ARTIST,Scenery Artist,Artista de Cenário,ステージアーティスト
CREDITS_SCRIPT_WRITER,Script writer,Roteirista,脚本家
CREDITS_SENIOR,Senior,Sênior,シニア
CREDITS_SFX,Sound Effects,Efeitos Sonoros,SE
CREDITS_SOUND_DESIGNER,Sound designer,Designer de Som,サウンドデザイナー
CREDITS_SOUND_ENGINEER,Sound engineer,Engenheiro Sonoro,サウンドエンジニア
CREDITS_SOUNDTRACK,Soundtrack,Trilha sonora,サウンドトラック
CREDITS_SPECIAL_THANKS,Special thanks,Agradecimentos,謝辞
CREDITS_SPECIAL_THANKS_TO,Special thanks to,Agradecimentos a,謝辞
CREDITS_TECHNICAL_ARTIST,Technical artist,Artista Técnico,テクニカルアーティスト
CREDITS_TECHNICAL_DIRECTOR,Technical Director,Diretor Técnico,技術監督
CREDITS_TEST_LEAD,Test Lead,Líder de Testes,テスト管理総指揮
CREDITS_TEST_MANAGER,Test Manager,Gerente de Testes,テスト管理者
CREDITS_TESTER,Tester,Testador,テスター
CREDITS_TEXTURE_ARTIST,Texture Artist,Artista de Textura,テクスチャアーティスト
CREDITS_THANKS_FOR_PLAYING,Thanks for Playing!,Obrigado por Jogar!,遊んでくれてありがとう
CREDITS_TRANSLATION,Translation,Tradução,翻訳
CREDITS_VFX,Visual Effects,Efeitos Visuais,特殊効果
CREDITS_VOICE_ACTING,Voice acting,Dublagem,声優
CREDITS_VOICE_ACTOR,Voice actor,Dublador,声優
CREDITS_WRITER,Writer,Escritor,脚本家
ERROR_DEVICE_NOT_FOUND,No {0} detected.,{0} não encontrado.,{0} が接続されていません。
ERROR_DEVICE_VR_LEAVING_TRACKAREA,Leaving tracking area.,Deixando área de rastreamento.,通信圏外です。
ERROR_DEVICE_VR_NO_HMD,No HMD detected.,HMD não encontrado.,HMDが接続されていません。
ERROR_GENERIC_CHEATING,Cheats detected!,Trapaças detectadas!,チート検出！
ERROR_GENERIC_ERRCODE,Error code:,Código do erro:,エラーコード：
ERROR_GENERIC_INVALID_CD_KEY,Invalid CD Key.,Código de produto (CD Key) inválido.,無効なCDキーです。
ERROR_GENERIC_INVALID_NAME,Invalid name.,Nome inválido.,無効な名前です。
ERROR_GENERIC_TEXT,An error has occured.,Ocorreu um erro.,エラーが発生しました。
ERROR_NETWORK_CONNECTION_LOST,Connection lost.,Conexão perdida.,接続が切断されました。
ERROR_NETWORK_DISCONNECTED_YOUR_OPPONENT,Your opponent has disconnected.,Seu oponente foi desconectado.,相手プレイヤーが接続を切断しました。
ERROR_NETWORK_DISCONNECTED_YOUR_PLAYER,The other player has disconnected.,O outro jogador foi desconectado.,他のプレイヤーが接続を切断しました。
ERROR_NETWORK_DISCONNECTED_YOUR_TEAMMATE,Your teammate has disconnected.,Seu colega de equipe foi desconectado.,味方プレイヤーが接続を切断しました。
ERROR_NETWORK_SERVER,Cannot connect to server.,Não foi possível conectar-se ao servidor.,サーバーに接続できません。
ERROR_SAVE_CORRUPTED,Save file corrupted.,Arquivo de jogo salvo corrompido.,セーブデータが破損しています。
ERROR_SAVE_NO_GAMES_FOUND,No games found.,Nenhum jogo encontrado.,セーブデータが見つかりません。
ERROR_SAVE_NO_OPEN_GAMES,No open games.,Nenhum jogo ativo.,参加可能なゲームがありません。
MENU_CAMERA,Camera,Câmera,カメラ
MENU_CAMERA_INVERTED,Inverted,Invertido,反転
MENU_CAMERA_NORMAL,Normal,Normal,通常
MENU_CAMERA_XAXIS,Camera X-Axis,Eixo X da Câmera,カメラ操作：左右
MENU_CAMERA_YAXIS,Camera Y-Axis,Eixo Y da Câmera,カメラ操作：上下
MENU_CONTROLS_BUTTON,Button,Botão,ボタン
MENU_CONTROLS_CLICK,Click,Clique,クリック
MENU_CONTROLS_DEADZONE,Dead zone,Zona morta,デッドゾーン
MENU_CONTROLS_DOUBLE_CLICK,Double-click,Clique Duplo,ダブルクリック
MENU_CONTROLS_DRAG,Drag,Arrastar,ドラッグ
MENU_CONTROLS_DRAG_DROP,Drag and drop,Arrastar e soltar,ドラッグ・アンド・ドロップ
MENU_CONTROLS_FINGER,Finger,Dedo,フィンガー
MENU_CONTROLS_GAMEPAD,Gamepad,Controle,ゲームパッド
MENU_CONTROLS_GYROSCOPE,Gyroscope,Giroscópio,ジャイロ
MENU_CONTROLS_KEY,Key,Tecla,キー
MENU_CONTROLS_KEYBOARD,Keyboard,Teclado,キーボード
MENU_CONTROLS_MOUSE,Mouse,Mouse,マウス
MENU_CONTROLS_MOUSE_SENSITIVITY,Mouse sensitivity,Sensibilidade do mouse,マウス感度
MENU_CONTROLS_PINCH,Pinch,Espremer,ピンチ
MENU_CONTROLS_ROTATE,Rotate,Rotacionar,回転
MENU_CONTROLS_SCROLL,Scroll,Rolar,スクロール
MENU_CONTROLS_SHAKE,Shake,Vibrar,シェイク
MENU_CONTROLS_SPREAD,Spread,Esticar,スプレッド
MENU_CONTROLS_SWIPE,Swipe,Deslizar,スワイプ
MENU_CONTROLS_TAP,Tap,Tocar,タップ
MENU_CONTROLS_THE_BUTTON,The button,O botão,ボタン
MENU_CONTROLS_THE_KEY,The key,A tecla,キー
MENU_CONTROLS_TILT,Tilt,Balançar,ティルト
MENU_CUSTOMIZE_ARM,Arm,Braço,腕
MENU_CUSTOMIZE_ARM_PLURAL,Arms,Braços,腕
MENU_CUSTOMIZE_CHEST,Chest,Peito,胸
MENU_CUSTOMIZE_CHIN,Chin,Queixo,顎
MENU_CUSTOMIZE_COLOR,Color,Cor,色
MENU_CUSTOMIZE_EAR,Ear,Orelha,耳
MENU_CUSTOMIZE_EAR_PLURAL,Ears,Orelhas,耳
MENU_CUSTOMIZE_EYE,Eye,Olho,目
MENU_CUSTOMIZE_EYE_PLURAL,Eyes,Olhos,目
MENU_CUSTOMIZE_FEET,Feet,Pés,足
MENU_CUSTOMIZE_FOOT,Foot,Pé,足
MENU_CUSTOMIZE_HAIR,Hair,Pelo,毛
MENU_CUSTOMIZE_HAIR_BEARD,Beard,Barba,髭
MENU_CUSTOMIZE_HAIR_FUR,Fur,Pelos,毛皮
MENU_CUSTOMIZE_HAIR_HEAD,Hair,Cabelo,髪
MENU_CUSTOMIZE_HAND,Hand,Mão,手
MENU_CUSTOMIZE_HAND_PLURAL,Hands,Mãos,手
MENU_CUSTOMIZE_HEAD,Head,Cabeça,頭
MENU_CUSTOMIZE_HIPS,Hips,Cintura,腰
MENU_CUSTOMIZE_LEG,Leg,Perna,脚
MENU_CUSTOMIZE_LEG_PLURAL,Legs,Pernas,脚
MENU_CUSTOMIZE_MOUTH,Mouth,Boca,口
MENU_CUSTOMIZE_NECK,Neck,Pescoço,首
MENU_CUSTOMIZE_NOSE,Nose,Nariz,鼻
MENU_CUSTOMIZE_SKIN,Skin,Pele,肌
MENU_CUSTOMIZE_THORAX,Thorax,Tórax,胸郭
MENU_DIFFICULTY,Difficulty,Dificuldade,難易度
MENU_DIFFICULTY_EASY,Easy,Fácil,易しい
MENU_DIFFICULTY_HARD,Hard,Difícil,難しい
MENU_DIFFICULTY_IMPOSSIBLE,Impossible,Impossível,クリア不可能
MENU_DIFFICULTY_INSANE,Insane,Insano,マニアック
MENU_DIFFICULTY_MEDIUM,Medium,Médio,普通
MENU_DIFFICULTY_VERY_EASY,Very Easy,Muito Fácil,とても易しい
MENU_DIFFICULTY_VERY_HARD,Very Hard,Muito Difícil,とても難しい
MENU_DIR_DOWN,Down,Abaixo,下
MENU_DIR_LEFT,Left,Esquerda,左
MENU_DIR_RIGHT,Right,Direita,右
MENU_DIR_UP,Up,Acima,上
MENU_IO_LOAD,Load,Carregar,ロード
MENU_IO_LOAD_GAME,Load Game,Carregar Jogo,ゲームデータをロード
MENU_IO_LOADING,Loading...,Carregando…,ローディング中…
MENU_IO_PLEASE_WAIT,Please wait...,Por favor aguarde…,お待ちください…
MENU_IO_RESET_SAVE_DATA,Reset save data?,Apagar progresso?,セーブデータを消去しますか？
MENU_IO_SAVE,Save,Salvar,セーブ
MENU_IO_SAVE_DATA,Save data,Salvar progresso,セーブデータ
MENU_IO_SAVE_GAME,Save Game,Salvar Jogo,ゲームデータをセーブ
MENU_IO_SAVED,Progress Saved,Progresso Salvo,進行状況が保存されました
MENU_IO_SAVING,Saving...,Salvando…,セーブ中…
MENU_IO_WILL_SAVE,The progress will be saved.,O jogo será salvo.,進行状況が保存されます。
MENU_LABEL_AGE,Age,Idade,年齢
MENU_LABEL_ALL,All,Todos,すべて
MENU_LABEL_ARE_YOU_REALLY_SURE,Are you really sure?,Você tem certeza absoluta?,本当によろしいですか？
MENU_LABEL_ARE_YOU_SURE,Are you sure?,Você tem certeza?,よろしいですか？
MENU_LABEL_BACK,Back,Voltar,戻る
MENU_LABEL_BACKGROUND_MUSIC,Background music,Música de fundo,BGM
MENU_LABEL_CANCEL,Cancel,Cancelar,キャンセル
MENU_LABEL_CLOSE,Close,Fechar,閉じる
MENU_LABEL_CONFIRM_BUTTON,Confirm,Confirmar,決定
MENU_LABEL_CONTINUE,Continue,Continuar,続ける
MENU_LABEL_CONTINUE_EXPLORATION,Continue to explore,Continuar a explorar,探検を続ける
MENU_LABEL_CONTINUE_QUESTION,Continue?,Continuar?,続けますか？
MENU_LABEL_CREDITS,Credits,Créditos,クレジット
MENU_LABEL_CREDITS_FULL,Full Credits,Créditos Completos,エキストラクレジット
MENU_LABEL_DEBRIEF,Combat debrief,Resultado do Combate,報告会
MENU_LABEL_DESKTOP,Exit to Desktop,Sair do Jogo,終了してデスクトップへ戻る
MENU_LABEL_DESKTOP_QUESTION,Exit to Desktop?,Sair para a área de trabalho?,終了してデスクトップへ戻りますか？
MENU_LABEL_DLC,DLC,DLC,DLC
MENU_LABEL_DOWNLOAD,Download,Baixar,ダウンロード
MENU_LABEL_DOWNLOADABLE,Downloadable content,Conteúdo adicional,ダウンロードコンテンツ
MENU_LABEL_EXIT,Exit,Sair,終了する
MENU_LABEL_EXIT_QUESTION,Exit?,Sair?,終了しますか？
MENU_LABEL_EXTRAS,Extras,Extras,エキストラ
MENU_LABEL_FRAMESPERSEC,FPS,FPS,FPS
MENU_LABEL_GALLERY,Art gallery,Galeria,アートギャラリー
MENU_LABEL_GOODBYE,Goodbye!,Adeus!,さようなら！
MENU_LABEL_GRAPHICS,Graphics,Gráficos,グラフィック
MENU_LABEL_IAP,In-app purchase,Compra no aplicativo,アプリ内購入
MENU_LABEL_LANGUAGE,Language,Idioma,言語
MENU_LABEL_LEVEL,Level,Fase,ステージ
MENU_LABEL_MAIL,Mail,Correio,メール
MENU_LABEL_MAINMENU,Main Menu,Menu Principal,メインメニュー
MENU_LABEL_MORE,More,Mais,詳細
MENU_LABEL_MUSIC,Music,Música,音楽
MENU_LABEL_MUSIC_PLAYER,Music Player,Reprodutor de Música,音楽プレーヤー
MENU_LABEL_NEW_GAME,New Game,Novo Jogo,新しいゲーム
MENU_LABEL_NEW_ISLAND,Go to a new island,Ir para outra ilha,新しい島に行く
MENU_LABEL_NEXT,Next,Próxima,次
MENU_LABEL_NEXT_TRACK,Next track,Próxima música,次の曲
MENU_LABEL_NEXT_UPGRADE_PARTICLE,at,no,で
MENU_LABEL_NO,No,Não,いいえ
MENU_LABEL_NO_CAPS,NO,NÃO,いいえ
MENU_LABEL_NOPE,Nope,Nah,だめ
MENU_LABEL_OK,Okay,OK,オーケー
MENU_LABEL_OPTOUT,Privacy Options,Opções de Privacidade,プライバシーオプション
MENU_LABEL_PAUSE,Pause,Pausar,ポーズ
MENU_LABEL_PAUSED,Paused,Pausado,ポーズ中
MENU_LABEL_PLAY,Play,Jogar,プレイ
MENU_LABEL_PLAY_AGAIN,Play again,Jogar novamente,再プレイ
MENU_LABEL_PRESS_ANYKEY,Press any key,Pressione qualquer botão,いずれかのキーを押す
MENU_LABEL_PRESS_ANYKEY_CONTINUE,Press any key to continue,Pressione qualquer botão para continuar,続けるにはいずれかのキーを押す
MENU_LABEL_PRESS_START,Press Start,Pressione Start,STARTボタンを押す
MENU_LABEL_PRESS_START_CONTINUE,Press Start to continue,Pressione Start para continuar,続けるにはSTARTボタンを押す
MENU_LABEL_PREVIOUS,Previous,Anterior,前へ
MENU_LABEL_PREVIOUS_TRACK,Previous track,Música anterior,前の曲
MENU_LABEL_PRICE,Price,Preço,価格
MENU_LABEL_PRICE_FREE,Free,Grátis,無料
MENU_LABEL_PURCHASE,Purchase,Comprar,購入
MENU_LABEL_QUIT,Quit,Sair,終了する
MENU_LABEL_QUIT_CONFIRM,Are you sure you want to quit?,Você tem certeza de que quer sair?,本当に終了しますか？
MENU_LABEL_QUIT_QUESTION,Quit?,Sair?,終了しますか？
MENU_LABEL_REPLAY,Replay,Replay,リプレイ
MENU_LABEL_RETURN,Return,Retornar,戻る
MENU_LABEL_RETURN_MAIN,Return to Main Menu,Retornar ao Menu Principal,メインメニューに戻る
MENU_LABEL_RETURN_MAIN_QUESTION,Return to Main Menu?,Retornar ao Menu Principal?,メインメニューに戻りますか？
MENU_LABEL_RETURN_TOWN,Return to the village,Voltar a vila,村に帰る
MENU_LABEL_SHARE,Share,Compartilhar,共有
MENU_LABEL_SKIP,Skip,Pular,スキップ
MENU_LABEL_SOUND,Sound,Som,サウンド
MENU_LABEL_THANK_YOU,Thank you!,Obrigado!,ありがとう！
MENU_LABEL_UNLOCK,Unlock,Desbloquear,アンロック
MENU_LABEL_VIDEO,Video,Vídeo,ビデオクオリティ
MENU_LABEL_VOICES,Voices,Vozes,ボイス
MENU_LABEL_WARNING,Warning,Aviso,警告
MENU_LABEL_WELCOME,Welcome,Bem vindo,ようこそ
MENU_LABEL_WORLD,World,Mundo,ワールド
MENU_LABEL_YEAH,Yeah,Uhum,いいよ
MENU_LABEL_YES,Yes,Sim,はい
MENU_LABEL_YES_CAPS,YES,SIM,はい
MENU_LANGUAGE_DIRECTION,ltr,ltr,ltr
MENU_LANGUAGE_THIS,English,Português Brasileiro,日本語
MENU_LANGUAGE_THIS_EN,English,Portuguese (Brazil),Japanese
MENU_LOGIN,Login,Login,ログイン
MENU_LOGIN_EMAIL,E-mail,E-mail,Eメール
MENU_LOGIN_FORGOT,Forgot password,Esqueceu sua senha?,パスワードを忘れた
MENU_LOGIN_PASSWORD,Password,Senha,パスワード
MENU_LOGIN_REGISTER,Register,Registrar,登録
MENU_LOGIN_REMEMBER,Remember?,Lembrar?,保存しますか？
MENU_MODE_CHALLENGE,Challenge,Desafio,チャレンジ
MENU_MODE_CHALLENGE_MODE,Challenge mode,Modo Desafio,チャレンジモード
MENU_MODE_COOP,Co-op,Co-op,協力
MENU_MODE_COOPERATIVE,Cooperative,Cooperativo,協力モード
MENU_MODE_DEATHMATCH,Deathmatch,Mata-mata,デスマッチ
MENU_MODE_HELP,Help,Ajuda,ヘルプ
MENU_MODE_INSTRUCTIONS,Instructions,Instruções,説明
MENU_MODE_MULTIPLAYER,Multiplayer,Multijogador,マルチプレイ
MENU_MODE_MULTIPLAYER_LOCAL,Local Multiplayer,Multijogador local,ローカルマルチプレイ
MENU_MODE_MULTIPLAYER_ONLINE,Online Multiplayer,Multijogador em rede,オンラインマルチプレイ
MENU_MODE_PLAY_ONLINE,Play Online,Jogar em rede,オンラインでプレイ
MENU_MODE_SINGLEPLAYER,Singleplayer,Um jogador,シングルプレイ
MENU_MODE_TRAINING,Training,Treino,トレーニング
MENU_MODE_TUTORIAL,Tutorial,Tutorial,チュートリアル
MENU_MODE_VERSUS,Versus,Versus,対戦
MENU_NAME,Name,Nome,名前
MENU_NAME_FIRST,First Name,Nome,名前
MENU_NAME_LAST,Last Name,Sobrenome,苗字
MENU_NAME_USER,Username,Usuário,ユーザーネーム
MENU_OPTIONS,Options,Opções,設定
MENU_OPTIONS_ADVANCEDGRAPHICS,Advanced Graphics,Gráficos Avançados,グラフィック詳細設定
MENU_OPTIONS_ANTIALIASING,Anti-aliasing,Antisserrilhamento,アンチエイリアス
MENU_OPTIONS_BLOOM,Bloom,Bloom,ブルーム効果
MENU_OPTIONS_CONTROLS,Controls,Controles,操作方法
MENU_OPTIONS_DIFFICULTY,Difficulty Options,Opções de Dificuldade,難易度設定
MENU_OPTIONS_DISPLAY,Display,Tela,ディスプレイ
MENU_OPTIONS_EFFECT_DETAIL,Effect detail,Detalhe dos efeitos,エフェクト詳細設定
MENU_OPTIONS_FILTERING_ANISOTROPIC,Anisotropic,Anisotrópico,異方性
MENU_OPTIONS_FILTERING_BILINEAR,Bilinear,Bilinear,バイリニア
MENU_OPTIONS_FILTERING_MODE,Filtering mode,Modo de filtragem,フィルタリング モード
MENU_OPTIONS_FILTERING_TRILINEAR,Trilinear,Trilinear,トライリニア
MENU_OPTIONS_FIRST_PERSON_VIEW,First Person View,Visão em primeira pessoa,一人称視点
MENU_OPTIONS_FOV,FOV,Campo de visão (FOV),視野角
MENU_OPTIONS_FULLSCREEN,Fullscreen,Tela cheia,フルスクリーン
MENU_OPTIONS_GAMEPLAY,Gameplay Options,Jogo,ゲームプレイ設定
MENU_OPTIONS_GRAPHICS,Graphics Options,Opções Gráficas,グラフィック設定
MENU_OPTIONS_HUD,HUD,HUD,HUD
MENU_OPTIONS_MODEL_DETAIL,Model detail,Detalhe dos modelos,モデルの詳細
MENU_OPTIONS_MULTICORE_RENDERING,Multicore rendering,Renderização multinuclear,マルチコアレンダリング
MENU_OPTIONS_MUSIC_VOLUME,Music,Música,BGM音量 
MENU_OPTIONS_NETWORK,Network Options,Opções de Rede,ネットワーク設定
MENU_OPTIONS_QUALITY,Quality,Qualidade,クオリティ
MENU_OPTIONS_RESOLUTION,Resolution,Resolução,解像度
MENU_OPTIONS_SFX_VOLUME,SFX,Efeitos,SE音量 
MENU_OPTIONS_SHADER_DETAIL,Shader detail,Detalhe do shader,シェーダーの詳細
MENU_OPTIONS_SHADOW,Shadow,Sombra,シャドウ
MENU_OPTIONS_SHADOW_PLURAL,Shadows,Sombras,シャドウ
MENU_OPTIONS_SIZE,Size,Tamanho,サイズ
MENU_OPTIONS_SOUND,Sound Options,Audio,サウンド設定
MENU_OPTIONS_SOUND_VOLUME,Volume,Volume,ボリューム
MENU_OPTIONS_SPLITSCREEN,Splitscreen,Tela dividida,画面分割
MENU_OPTIONS_TEXTURE_DETAIL,Texture detail,Detalhe das texturas,テクスチャの詳細
MENU_OPTIONS_THIRD_PERSON_VIEW,Third Person View,Visão em terceira pessoa,三人称視点
MENU_OPTIONS_VIDEO,Video Options,Opções de Vídeo,ビデオ設定
MENU_OPTIONS_VIDEO_QUALITY,Video Quality,Qualidade de Video,ビデオクオリティ
MENU_OPTIONS_VOICE_VOLUME,Voice volume,Volume das vozes,ボイス音量 
MENU_OPTIONS_VSYNC,V-sync,Vsync,垂直同期
MENU_OPTIONS_WIDESCREEN,Widescreen,Widescreen,ワイドスクリーン
MENU_OPTIONS_WINDOWED,Windowed,Janela,ウィンドウモード
MENU_POPUP_BUTTON_LARGE_ISLAND,Large Island,Ilha Grande,大の島
MENU_POPUP_BUTTON_MEDIUM_ISLAND,Medium Island,Ilha Mediana,中型の島
MENU_POPUP_BUTTON_SMALL_ISLAND,Small Island,Ilha Pequena,小の島
MENU_POPUP_MESSAGE_BUY_ITEMS,Are you sure you want to buy this?,Tem certeza que quer comprar isso?,これを購入してもよろしいですか？
MENU_POPUP_MESSAGE_CHANGE_FLOORS,Go to the second floor,Ir para o segundo andar,2階に行きます。
MENU_POPUP_MESSAGE_CLOSE_STORE,This will close the store.,Isso vai fechar a loja.,これで店が閉まります。
MENU_POPUP_MESSAGE_NIGHT,"You can't do this at night, go to sleep.","Você não pode fazer isso noite, vá dormir.",夜にこれをすることはできません、眠りにつください。
MENU_POPUP_MESSAGE_NO_COINS,You need more coins to buy this.,Você precisa de mais moedas para comprar isto.,これを買うにはもっと硬貨が必要です。
MENU_POPUP_MESSAGE_NO_ITEMS,You need to choose some items first.,Você precisa escolher alguns items primeiro..,最初にいくつかのアイテムを選択する必要があります。
MENU_POPUP_MESSAGE_OPEN_STORE,This will open the store.,Isso vai abrir a loja.,これで店が開きます。
MENU_POPUP_MESSAGE_SLEEP,This will pass the day.,Isso irá passar o dia.,これは一日を過ぎます。
MENU_POPUP_MESSAGE_TIME,This action will take one time period.,A ação vai custar um período de tempo.,このアクションは時間が前進ります
MENU_POPUP_MESSAGE_TRAVEL_ISLAND,This will take you to a new island.,Isso vai levar você até uma nova ilha.,これは新しい島に連れて行きます
MENU_POPUP_MESSAGE_TRAVEL_TIME,This action will take one time period.,A viajem vai custar um período de tempo.,この旅行は時間が前進ります
MENU_POPUP_MESSAGE_TRAVEL_TOWN,This will take you back to the village.,Isso vai levar você devolta a vila.,これは村に連れて行きます
MENU_POPUP_TITLE_CHANGE_FLOORS,Second Floor,Segundo Andar,2階
MENU_POPUP_TITLE_NO_COINS,Not Enough Coins,Faltou Moedas,硬貨が足りない
MENU_POPUP_TITLE_SLEEP,Sleep,Dormir.,寝る
MENU_POPUP_TITLE_TRAVEL,Travel,Viajar,旅行
MENU_SETTING_HIGH,High,Alto,高
MENU_SETTING_LOW,Low,Baixo,低
MENU_SETTING_MEDIUM,Medium,Médio,中
MENU_SETTING_ULTRA,Ultra,Ultra,ウルトラ
MENU_SETTING_VERY_HIGH,Very High,Muito alto,最高
MENU_TITLE_GAME_NAME,Dis Game Has No Name!,Este Jogo Num Tem Nome!,このゲームは名前ありません!
MENU_TITLE_MERCHANT,Merchant,Mercador,商人
MENU_TITLE_PROFIT,Profit,Lucro,利益
MENU_TITLE_SOLD_ITEMS,Sold Items,Items Vendidos,販売アイテム
MENU_TITLE_STORE,Open the Store,Abrir a Loja,店開きます
MENU_TITLE_STORE_DEBRIEF,Store Results,Resultado das Vendas,販売実績
MENU_VERSION,Version,Versão,バージョン
MENU_VERSION_DEMO,Demo,Demo,デモ
MENU_VERSION_FREE,Free,Grátis,無料版
MENU_VERSION_FULL,Full,Completo,完全版
MENU_VERSION_LITE,Lite,Lite,Lite版
MENU_VERSION_PREMIUM,Premium,Premium,プレミアム
MENU_VERSION_SHAREWARE,Shareware,Shareware,シェアウェア
MENU_VERSION_TRIAL,Trial,Teste,体験版
MENU_VR_COMFORT_MODE,VR comfort mode,Zona de Conforto RV,VR向けモード
MENU_VR_HMD_ORIENT_RESET,HMD orientation reset,Reiniciar orientação HMD,HMDの画面位置設定をリセット
MENU_VR_VIRTUAL_REALITY,Virtual Reality,Realidade Virtual,バーチャルリアリティ
